#,שאלה,תשובה,מקור
1,מה צריך האדם לעשות בבוקר?,יתגבר כארי לעמוד לעבודת בוראו,"סימן 1, סעיף 1"
2,בשחרית האם מותר לאחר את זמן התפילה?,לא,"סימן 1, סעיף 1"
3,מה יעשה אדם שמתגברים עליו יצרו ומחשבותיו?,יזכור שהמלך הגדול עומד עליו,"סימן 1, סעיף 1"
4,כמה משמרות יש בלילה?,שלוש משמרות,"סימן 1, סעיף 2"
5,מה ראוי לכל ירא שמים?,לדאוג על חורבן בית המקדש,"סימן 1, סעיף 3"
6,"מה עדיף, מעט תחנונים בכוונה או הרבה בלא כוונה?",מעט תחנונים בכוונה,"סימן 1, סעיף 4"
7,האם מותר לומר עשרת הדברות בציבור?,רק ביחיד,"סימן 1, סעיף 5"
8,מתי יש לומר פרשיות הקרבנות?,רק ביום,"סימן 1, סעיף 6"
9,כיצד ילבש את חלוקו?,שוכב ומכניס ראשו וזרועותיו,"סימן 2, סעיף 1"
10,מי רואה את האדם בחדרי חדרים?,הקדוש ברוך הוא,"סימן 2, סעיף 2"
11,כיצד סדר נעילת וקשירת המנעלים?,"ימין, שמאל-קושר, ימין-קושר","סימן 2, סעיף 4"
12,מה סדר נעילה וקשירה במנעלים ללא קשירה?,ינעול של ימין תחילה,"סימן 2, סעיף 4"
13,איזו רגל חולץ תחילה?,של שמאל תחילה,"סימן 2, סעיף 5"
14,האם מותר ללכת בקומה זקופה?,אסור,"סימן 2, סעיף 6"
15,"האם אומרים היום ""התכבדו מכובדים""?",עכשיו לא נהגו לאומרו,"סימן 3, סעיף 1"
16,כמה פעמים יש לערות מים על הידיים שחרית?,שלוש פעמים,"סימן 4, סעיף 2"
17,במה לא יגע קודם נטילה?,"פה, חוטם, אזניים, עינים","סימן 4, סעיף 3"
18,האם צריך רביעית לנטילת ידים שחרית?,אין צריך,"סימן 4, סעיף 6"
19,האם מותר ליטול ידיים שחרית על גבי קרקע?,"לא, רק לתוך כלי","סימן 4, סעיף 8"
20,מה דין מים של נטילת ידים שחרית?,אסור ליהנות מהם,"סימן 4, סעיף 9"
21,באיזו יד נוטל את כלי המים?,ימין,"סימן 4, סעיף 10"
22,האם מותר ליטול ממי שלא נטל ידיו?,אסור,"סימן 4, סעיף 11"
23,מה הדין אם שכשך ידיו בכלי מים?,"לתפילה כן, לרוח-רעה לא","סימן 4, סעיף 12"
24,מה דין הנעור כל הלילה לנטילת ידים?,יטול בלא ברכה,"סימן 4, סעיף 13"
25,"נטילת ידיים קודם עמוד השחר, האם מועילה?",יטול בלא ברכה כששיאור היום,"סימן 4, סעיף 14"
26,מה דין ישן ביום לגבי נטילת ידים?,יטול בלא ברכה,"סימן 4, סעיף 15"
27,מה דין הנוגע ברגליו או חופף ראשו?,צריך נטילת ידיים,"סימן 4, סעיף 18"
28,מה דין הנוטל ציפורניו ולא נטל ידיו?,מפחד יום אחד,"סימן 4, סעיף 19"
29,מה דין המגלח ולא נטל ידיו?,מפחד שלושה ימים,"סימן 4, סעיף 19"
30,מה הרפואה לפנים מתבקעות?,לרחוץ הרבה במי סילקא,"סימן 4, סעיף 20"
31,מה יעשה אם אין לו מים לנטילה?,יקנח בעפר ויברך על נקיות ידיים,"סימן 4, סעיף 22"
32,מתי מברכים אשר יצר?,כשיצא מבית הכסא,"סימן 6, סעיף 1"
33,מדוע ברכת אלהי נשמה אינה פותחת בברוך?,מפני שהיא ברכת הודאה,"סימן 6, סעיף 3"
34,האם מברכים אשר יצר גם אחרי הטלת מים?,כן,"סימן 7, סעיף 1"
35,האם מברכים אשר יצר כל היום?,כן,"סימן 7, סעיף 1"
36,האם מברכים על ציצית מעומד או מיושב?,מעומד,"סימן 8, סעיף 1"
37,"טלית שאין לה ארבע כנפות, האם חייבת?",פטורה,"סימן 10, סעיף 1"
38,האם חוטי הציצית צריכים טוויה לשמה?,כן,"סימן 11, סעיף 1"
39,מה דין היוצא בשבת בציצית פסולה?,חייב חטאת,"סימן 13, סעיף 1"
40,האם ציצית שעשאן גוי כשרה?,פסולה,"סימן 14, סעיף 1"
41,האם מותר להתיר ציצית מבגד לבגד?,מותר (להניח בבגד אחר),"סימן 15, סעיף 1"
42,האם נשים חייבות בציצית?,פטורות,"סימן 17, סעיף 2"
43,ציצית חובת גברא או חובת מנא?,חובת גברא,"סימן 19, סעיף 1"
44,האם מותר למכור טלית עם ציצית לגוי?,אסור,"סימן 20, סעיף 2"
45,האם מותר ליכנס לבית המרחץ עם ציצית?,מותר,"סימן 21, סעיף 3"
46,מה שכר הזהיר בציצית?,זוכה ורואה פני שכינה,"סימן 24, סעיף 6"
47,"מה קודם, תפילין של יד או של ראש?",של יד תחילה,"סימן 25, סעיף 1"
48,מה הברכה על תפילין של יד?,להניח תפילין,"סימן 25, סעיף 5"
49,האם מותר לדבר בין יד לשל ראש?,אסור,"סימן 25, סעיף 9"
50,האם מי שיש לו רק תפילה אחת מניח?,מניח מה שיש לו ומברך,"סימן 26, סעיף 1"
51,היכן מניחים תפילין של יד?,על הקיבורת שבזרוע שמאל,"סימן 27, סעיף 1"
52,באיזו יד מניחים תפילין?,ביד שמאל,"סימן 27, סעיף 1"
53,"מה חולצים קודם, של יד או של ראש?",של ראש תחילה,"סימן 28, סעיף 2"
54,האם מברכים כשחולצים תפילין?,לא,"סימן 29, סעיף 1"
55,מאימתי זמן הנחת תפילין?,משיכיר חברו בד' אמות,"סימן 30, סעיף 1"
56,האם מניחים תפילין בשבת ויום טוב?,לא,"סימן 31, סעיף 1"
57,האם מניחים תפילין בחול המועד?,יש מחלוקת,"סימן 31, סעיף 2"
58,באיזה דיו כותבים תפילין?,בדיו שחור,"סימן 32, סעיף 3"
59,"מהו סדר הפרשיות בתפילין לפי רש""י?","קדש, יביאך, שמע, והיה","סימן 34, סעיף 1"
60,האם נשים חייבות בתפילין?,פטורות,"סימן 38, סעיף 3"
61,האם תפילין שכתבן גוי כשרות?,פסולות,"סימן 39, סעיף 1"
62,האם מותר לתלות תפילין?,רק בכיסן,"סימן 40, סעיף 1"
63,"הנושא משאוי על ראשו, מה יעשה עם תפילין?",יחלוץ תפילין של ראש,"סימן 41, סעיף 1"
64,האם מותר לשנות תפילין של ראש לשל יד?,לא,"סימן 42, סעיף 1"
65,האם מותר לברך ברכות השחר לפני עמוד השחר?,כן,"סימן 46, סעיף 1"
66,כמה ברכות חייב אדם ביום?,100,"סימן 46, סעיף 3"
67,האם הכותב בדברי תורה צריך לברך?,כן,"סימן 47, סעיף 3"
68,האם מותר ללמוד תורה לפני ברכת התורה?,לא,"סימן 47, סעיף 6"
69,האם מותר לומר קריאת שמע בעל פה?,מותר,"סימן 49, סעיף 1"
70,מה אומרים לפני פסוקי דזמרה?,ברוך שאמר,"סימן 51, סעיף 1"
71,מדוע ישתבח אינה פותחת בברוך?,סמוכה לברוך שאמר,"סימן 54, סעיף 1"
72,כמה אנשים צריך לקדיש?,10,"סימן 55, סעיף 1"
73,האם מותר להפסיק בין שמיה לרבא?,לא יפסיק,"סימן 56, סעיף 1"
74,מה עונים על ברכו?,ברוך ה' המבורך לעולם ועד,"סימן 57, סעיף 1"
75,האם מותר לדבר בין קדיש לברכו?,אסור,"סימן 57, סעיף 2"
76,עד מתי זמן קריאת שמע?,סוף 3 שעות,"סימן 58, סעיף 1"
77,מה דין הקורא קריאת שמע מעמוד השחר?,יצא בדיעבד,"סימן 58, סעיף 4"
78,כיצד יש לקרוא את קריאת שמע?,ידקדק באותיותיה,"סימן 61, סעיף 6"
79,מה דין מי שלא דקדק בקריאת שמע?,יצא בדיעבד,"סימן 62, סעיף 1"
80,האם מותר לקרוא שמע בהליכה?,כן,"סימן 63, סעיף 1"
81,מתי מתחיל זמן תפילת שחרית?,מהנץ החמה,"סימן 89, סעיף 1"
82,האם מותר לאכול קודם התפילה?,אסור,"סימן 89, סעיף 3"
83,האם יש חובה להתפלל בציבור?,ישתדל בבית הכנסת,"סימן 90, סעיף 9"
84,מה דין הנצרך לנקביו ומתפלל?,אסור (תפלתו תועבה),"סימן 92, סעיף 1"
85,כיצד צריכות להיות הרגליים בתפילה?,צמודות כרגל אחת,"סימן 95, סעיף 1"
86,היכן צריך להסתכל בשעת התפילה?,עיניו למטה ולבו למעלה,"סימן 95, סעיף 2"
87,האם מותר להחזיק חפצים בשעת התפילה?,לא,"סימן 96, סעיף 1"
88,האם צריך כוונה בתפילה?,כן,"סימן 98, סעיף 1"
89,האם שיכור רשאי להתפלל?,לא,"סימן 99, סעיף 1"
90,האם מותר להתפלל בשפה אחרת?,כן,"סימן 101, סעיף 4"
91,האם מותר לעבור כנגד המתפללים?,לא (בתוך ד' אמות),"סימן 102, סעיף 1"
92,האם צריך לסמוך גאולה לתפילה?,כן,"סימן 111, סעיף 1"
93,באילו ברכות כורעים בשמונה עשרה?,אבות ומודים,"סימן 113, סעיף 1"
94,מתי מזכירים גשם?,ממוסף שמיני עצרת,"סימן 114, סעיף 1"
95,מה הדין אם טעה והזכיר גשם בקיץ?,חוזר,"סימן 114, סעיף 5"
96,מתי מתחילים לשאול גשמים בארץ ישראל?,7 בחשוון,"סימן 117, סעיף 1"
97,מה דין האומר מודים מודים?,משתקים אותו,"סימן 121, סעיף 2"
98,כמה פסיעות פוסעים בסוף התפילה?,3,"סימן 123, סעיף 1"
99,"האם מותר לדבר בשעת חזרת הש""ץ?",אסור,"סימן 124, סעיף 7"
100,"מה עושים כשמגיעים ל""מודים"" בחזרה?",אומרים מודים דרבנן,"סימן 127, סעיף 1"
101,האם נשיאת כפיים מצריכה עשרה אנשים?,כן,"סימן 128, סעיף 1"
102,האם לזר (מי שאינו כהן) מותר לישא כפיו?,לא,"סימן 128, סעיף 1"
103,בכמה מצוות עשה עובר כהן שלא עלה לדוכן כשקראו לו?,3,"סימן 128, סעיף 2"
104,האם מותר לעלות לדוכן במנעלים?,לא,"סימן 128, סעיף 5"
105,האם מותר לעלות לדוכן בבתי שוקיים (גרביים)?,כן,"סימן 128, סעיף 5"
106,עד היכן צריכים הכהנים ליטול ידיהם?,עד הפרק,"סימן 128, סעיף 6"
107,מי יוצק מים על ידי הכהנים?,הלוי,"סימן 128, סעיף 6"
108,האם כהן שלא עקר רגליו בברכת רצה יכול לעלות?,לא,"סימן 128, סעיף 8"
109,לאיזה כיוון פונים הכהנים בעומדם בדוכן לפני הקריאה?,לכיוון ההיכל,"סימן 128, סעיף 11"
110,"האם שליח הציבור קורא ""כהנים"" כשעולה כהן אחד בלבד?",לא,"סימן 128, סעיף 10"
111,מהו נוסח פתיחת ברכת הכהנים?,אשר קדשנו בקדושתו של אהרן,"סימן 128, סעיף 11"
112,לאיזה גובה מרימים הכהנים את ידיהם?,כנגד כתפותיהם,"סימן 128, סעיף 12"
113,האם מותר לכהנים להסתכל בידיהם בשעת הברכה?,לא,"סימן 128, סעיף 23"
114,כיצד מברכים הכהנים?,בקול רם,"סימן 128, סעיף 14"
115,האם מותר לכהן ששתה יין לישא כפיו?,לא,"סימן 128, סעיף 38"
116,האם כהן שיש לו מום בידיו יכול לישא כפיו?,לא (אלא אם הוא דש בעירו),"סימן 128, סעיף 30"
117,האם מותר לכהן שחזר בתשובה לישא כפיו?,כן,"סימן 128, סעיף 37"
118,האם מותר לכהן שהרג נפש לישא כפיו?,לא,"סימן 128, סעיף 35"
119,האם יש נשיאת כפיים בתפילת מנחה רגילה?,לא,"סימן 129, סעיף 1"
120,"מתי אומרים ""ברכנו בברכה המשולשת"" במנחה?",בתענית,"סימן 129, סעיף 1"
121,האם אומרים תחנון (נפילת אפיים) בלילה?,לא,"סימן 131, סעיף 3"
122,האם אומרים תחנון בבית האבל?,לא,"סימן 131, סעיף 4"
123,האם אומרים תחנון בבית הכנסת שיש בו ברית מילה?,לא,"סימן 131, סעיף 4"
124,האם אומרים תחנון במנחה שלפני ערב פסח?,לא,"סימן 131, סעיף 6"
125,באילו ימים קוראים בתורה?,"שני, חמישי ושבת","סימן 135, סעיף 1"
126,כמה אנשים עולים לתורה בימי חול?,3,"סימן 135, סעיף 1"
127,האם מותר לפחות מ-10 פסוקים בקריאת התורה?,לא,"סימן 137, סעיף 1"
128,האם מותר לשני אנשים לקרוא בתורה יחד?,לא,"סימן 141, סעיף 2"
129,האם מותר לקרוא בתורה בחומש מודפס בציבור?,לא,"סימן 143, סעיף 2"
130,האם מותר לדבר בזמן קריאת התורה?,לא,"סימן 146, סעיף 2"
131,האם מותר לאכול ולשתות בבית הכנסת?,לא,"סימן 151, סעיף 1"
132,האם מותר לישון בבית הכנסת?,לא,"סימן 151, סעיף 3"
133,האם מותר להפוך בית כנסת לבית מדרש?,כן,"סימן 153, סעיף 1"
134,האם חובה ליטול ידיים לפני אכילת פת?,כן,"סימן 158, סעיף 1"
135,האם מותר ליטול ידיים מתוך כלי שבור?,לא,"סימן 159, סעיף 1"
136,מה שיעור המים המינימלי לנטילת ידיים?,רביעית,"סימן 160, סעיף 13"
137,האם מותר ליטול ידיים במים שנעשתה בהם מלאכה?,לא,"סימן 160, סעיף 2"
138,האם חציצה (כמו טבעת הדוקה) פוסלת את הנטילה?,כן,"סימן 161, סעיף 3"
139,האם חובה לברך לפני הניגוב?,כן,"סימן 158, סעיף 11"
140,האם חובה לנגב את הידיים לפני ברכת המוציא?,כן,"סימן 158, סעיף 12"
141,האם מותר להאכיל מי שלא נטל ידיו?,לא,"סימן 163, סעיף 2"
142,האם מותר לדבר בין הנטילה לברכת המוציא?,לא,"סימן 166, סעיף 1"
143,האם מותר לדבר בין ברכת המוציא לטעימה?,לא,"סימן 167, סעיף 6"
144,מה מברכים על פת הבאה בכיסנין?,מזונות,"סימן 168, סעיף 6"
145,מתי מברכים המוציא על פת הבאה בכיסנין?,כשקובע עליה סעודה,"סימן 168, סעיף 6"
146,האם מותר לדבר במהלך הסעודה?,לא,"סימן 170, סעיף 1"
147,האם מותר לאכול פרוסה בשיעור כביצה בבת אחת?,לא,"סימן 170, סעיף 8"
148,האם מותר לשתות את כל הכוס בבת אחת?,לא,"סימן 170, סעיף 8"
149,האם מותר לנשוך פרוסה ולהניחה על השולחן?,לא,"סימן 170, סעיף 10"
150,האם מותר לשתות מהכוס ולתת לחברו לשתות ממנה?,לא,"סימן 170, סעיף 16"
151,האם מותר להשתמש בלחם לסמיכת קערה?,לא,"סימן 171, סעיף 1"
152,האם מותר לזרוק לחם?,לא,"סימן 171, סעיף 1"
153,האם חובה ליטול מים אמצעים בין בשר לדגים?,כן,"סימן 173, סעיף 2"
154,האם יין בתוך הסעודה טעון ברכה לפניו?,כן,"סימן 174, סעיף 1"
155,האם ברכת היין פוטרת את שאר המשקאות?,כן,"סימן 174, סעיף 2"
156,האם ברכת המוציא פוטרת בשר ודגים?,כן,"סימן 177, סעיף 1"
157,האם ברכת המוציא פוטרת פירות?,לא,"סימן 177, סעיף 1"
158,האם חובה ליטול מים אחרונים?,כן,"סימן 181, סעיף 1"
159,האם מותר לדבר בין מים אחרונים לברכת המזון?,לא,"סימן 181, סעיף 1"
160,האם מי שמסתפק אם בירך ברכת המזון חייב לחזור?,כן,"סימן 184, סעיף 4"
161,"מה עושים אם שכחו ""רצה"" בשבת בברכת המזון?",חוזרים לראש,"סימן 188, סעיף 6"
162,מאיזה גיל מצטרפים לזימון?,13,"סימן 199, סעיף 10"
163,מה מברכים על אורז?,מזונות,"סימן 208, סעיף 7"
164,מה מברכים על מים כששתה לצמאו?,שהכל,"סימן 204, סעיף 7"
165,"מהי ברכת ""מעין שלוש""?",על המחיה/העץ/הגפן,"סימן 208, סעיף 1"
166,מי קודם בברכה: זית או תמר?,זית,"סימן 211, סעיף 1"
167,האם עונים אמן על ברכת עצמו?,לא,"סימן 215, סעיף 1"
168,מי הם הארבעה שחייבים בברכת הגומל?,"יורדי הים, מדבריות, חולה, חבוש","סימן 219, סעיף 1"
169,האם מברכים על ראיית מלכי אומות העולם?,כן,"סימן 224, סעיף 8"
170,האם מברכים על ראיית חבריו לאחר 30 יום?,שהחיינו,"סימן 225, סעיף 1"
171,מה מברכים על רעמים?,שכחו וגבורתו מלא עולם,"סימן 227, סעיף 1"
172,מה מברכים על הברק?,עושה מעשה בראשית,"סימן 227, סעיף 1"
173,האם מותר לברך על הקשת?,כן,"סימן 229, סעיף 1"
174,מה מברכים על בשורות טובות?,הטוב והמטיב,"סימן 222, סעיף 1"
175,מה מברכים על בשורות רעות?,דיין האמת,"סימן 222, סעיף 2"
176,האם מברכים שהחיינו על כלי חדש?,כן,"סימן 223, סעיף 1"
177,האם מברכים על ראיית מקום שנעשה בו נס?,כן,"סימן 218, סעיף 1"
178,מה מברכים על הים הגדול?,שעשה את הים הגדול,"סימן 228, סעיף 1"
179,מה מברכים על ראיית פירות חדשים?,שהחיינו,"סימן 225, סעיף 3"
180,האם מברכים על ריח בשמים?,בורא מיני בשמים,"סימן 216, סעיף 1"
181,מה מברכים על שמן אפרסמון?,בורא שמן ערב,"סימן 216, סעיף 4"
182,האם מברכים על ריח פירות שראויים לאכילה?,שנתן ריח טוב בפירות,"סימן 216, סעיף 2"
183,האם מברכים על ריח בשמים בבית הכסא?,לא,"סימן 217, סעיף 1"
184,מה מברכים לפני שינה?,המפיל,"סימן 239, סעיף 1"
185,האם מותר לקרוא קריאת שמע שעל המיטה בישיבה?,כן,"סימן 239, סעיף 1"
186,מה מברכים בברכת המזון אם אכל פירות?,בורא נפשות,"סימן 207, סעיף 1"
187,מה סדר הקדימה בברכת הפירות?,"זית, תמר, רימון, תאנה","סימן 211, סעיף 1"
188,האם מברכים על מים ששתה כדי לבלוע מאכל?,לא,"סימן 204, סעיף 7"
189,מה מברכים על פת שנשרפה לגמרי?,שהכל,"סימן 204, סעיף 1"
190,האם מותר לברך ברכה שאינה צריכה?,לא,"סימן 215, סעיף 4"
191,האם מותר להפסיק בדיבור בין הברכה לאכילה?,לא,"סימן 206, סעיף 3"
192,מה עושים אם שכח לברך ונזכר כשהאוכל בתוך פיו?,מסלקו לצד ומברך,"סימן 206, סעיף 4"
193,האם מברכים על מאכל שריחו רע?,לא,"סימן 204, סעיף 11"
194,האם מותר לברך כשהוא ערום?,לא,"סימן 206, סעיף 3"
195,מה מברכים על ירקות מבושלים?,בורא פרי האדמה,"סימן 205, סעיף 1"
196,מה מברכים על פרי שאינו גמור?,שהכל,"סימן 202, סעיף 2"
197,מה מברכים על סוכר?,שהכל,"סימן 202, סעיף 15"
198,מה מברכים על פטריות?,שהכל,"סימן 204, סעיף 1"
199,מה מברכים על מרק פירות?,שהכל,"סימן 202, סעיף 10"
200,האם מברכים שהחיינו על בניית בית חדש?,כן,"סימן 223, סעיף 3"
201,האם מותר להשכיר שדה לגוי סמוך לשבת?,"כן, אם קצץ דמים מראש","סימן 243, סעיף 1"
202,האם מותר להשכיר מרחץ לגוי?,"לא, מפני שנקרא על שם בעליו","סימן 243, סעיף 2"
203,האם מותר ליתן כביסה לגוי בערב שבת?,"כן, אם קצץ דמים מראש","סימן 244, סעיף 1"
204,האם מותר ליתן לגוי איגרת להוליכה בשבת?,"לא, אלא אם כן קצץ דמים","סימן 247, סעיף 1"
205,האם מותר להטמין בערב שבת בדבר שמוסיף הבל?,לא,"סימן 257, סעיף 1"
206,"מה נחשב ל""מוסיף הבל"" לעניין הטמנה?","גפת, זבל, מלח, חול רטוב","סימן 257, סעיף 3"
207,האם מותר להוסיף מים חמים לכלי שהוטמן בערב שבת?,לא,"סימן 257, סעיף 4"
208,האם מותר לעשות מלאכה לאחר השקיעה בערב שבת?,"לא, זהו זמן בין השמשות","סימן 261, סעיף 1"
209,מתי חובה להפסיק ממלאכה בערב שבת?,מזמן תוספת שבת,"סימן 261, סעיף 2"
210,"כמה זמן הוא שיעור ""תוספת שבת""?",מעט לפני השקיעה,"סימן 261, סעיף 2"
211,חובה לרחוץ פנים ידיים ורגליים בחמין בערב שבת?,"כן, מצווה לכבוד שבת","סימן 262, סעיף 1"
212,האם חובה לחדד את הסכין בערב שבת?,"כן, משום עונג שבת","סימן 262, סעיף 2"
213,האם חובה ללבוש בגדים נקיים ומיוחדים בשבת?,"כן, ""כבוד שבת""","סימן 262, סעיף 3"
214,כמה נרות נהגו להדליק לכתחילה?,שניים,"סימן 263, סעיף 1"
215,מה הדין אם שכחה להדליק נרות שבת פעם אחת?,מדליקה מכאן ואילך נר נוסף,"סימן 263, סעיף 1"
216,מי חייב בהדלקת נרות שבת?,כל אדם (נשים וגברים),"סימן 263, סעיף 2"
217,האם מותר לאכול סעודה גדולה בערב שבת?,"לא, כדי שיאכל שבת לתיאבון","סימן 263, סעיף 2"
218,מאיזו שעה מותר לקבל שבת מוקדם?,מפלג המנחה,"סימן 263, סעיף 4"
219,האם מברכים על הדלקת נרות שבת?,"כן, ""להדליק נר של שבת""","סימן 263, סעיף 5"
220,מהו המקום המועדף להנחת נרות השבת?,על השולחן שאוכלים עליו,"סימן 263, סעיף 10"
221,האם מותר להשתמש בנפט להדלקת נרות שבת?,כן,"סימן 264, סעיף 6"
222,האם מותר להזיז נר דולק בשבת?,"לא, הוא מוקצה","סימן 265, סעיף 3"
223,האם מותר לאכול לפני הקידוש בלילה?,לא,"סימן 271, סעיף 4"
224,מה מברכים על היין בקידוש?,בורא פרי הגפן,"סימן 271, סעיף 10"
225,מהו שיעור היין שצריך לשתות מהכוס בקידוש?,כמלוא לוגמיו,"סימן 271, סעיף 13"
226,האם ניתן לקדש על הפת במקום יין?,כן,"סימן 272, סעיף 9"
227,האם יוצאים ידי חובת קידוש במקום שאין סעודה?,לא,"סימן 273, סעיף 1"
228,"מה נחשב ל""מקום סעודה"" לעניין קידוש?",באותו חדר או שרואה את המקום,"סימן 273, סעיף 1"
229,כמה לחמים צריך לבצוע עליהם בשבת?,שתיים (לחם משנה),"סימן 274, סעיף 1"
230,מהו הטעם למצוות לחם משנה?,זכר למן שירד במישנה,"סימן 274, סעיף 1"
231,האם מותר לקרוא לאור הנר בשבת?,"לא, שמא יטה אותו","סימן 275, סעיף 1"
232,האם מותר לקרוא לאור הנר אם יש שומר בחדר?,מותר,"סימן 275, סעיף 2"
233,האם מותר לקרוא לאור נר גז או חשמל יציב?,מותר,"סימן 275, סעיף 8"
234,מהו הדין לגבי פתיחת מקרר בשבת?,"מותר, בתנאי שהנורה כבויה","סימן 277, סעיף 4"
235,האם חובה לאכול שלוש סעודות בשבת?,כן,"סימן 291, סעיף 1"
236,מתי הוא הזמן לקיום סעודה שלישית?,לאחר תפילת מנחה,"סימן 291, סעיף 2"
237,מה מברכים בסעודה שלישית?,המוציא (לחם משנה),"סימן 291, סעיף 4"
238,מהו סדר הברכות בהבדלה?,"יין, בשמים, נר, הבדלה","סימן 296, סעיף 1"
239,האם נשים חייבות בהבדלה?,כן,"סימן 296, סעיף 8"
240,מה מברכים במוצאי שבת על הבשמים?,בורא מיני בשמים,"סימן 297, סעיף 1"
241,מה מברכים במוצאי שבת על הנר?,בורא מאורי האש,"סימן 298, סעיף 1"
242,האם מותר לאכול לפני הבדלה?,לא,"סימן 299, סעיף 1"
243,האם מותר לשתות מים לפני הבדלה?,מותר,"סימן 299, סעיף 1"
244,האם מותר לעשות מלאכה לפני הבדלה?,"רק לאחר אמירת ""המבדיל""","סימן 299, סעיף 10"
245,"מהו ""מלווה מלכה""?",סעודה שאוכלים במוצאי שבת,"סימן 300, סעיף 1"
246,האם מותר לרוץ בשבת?,"לא, אלא אם כן לצורך מצווה","סימן 301, סעיף 1"
247,האם מותר לצאת עם מחט שתחובה בבגד?,לא,"סימן 301, סעיף 11"
248,האם מותר לצאת עם משקפיים בשבת?,מותר,"סימן 301, סעיף 11"
249,האם מותר לצאת עם מטפחת בכיס?,"לא, אלא אם כן קשורה לבגד","סימן 301, סעיף 23"
250,האם מותר לצאת לרשות הרבים עם תכשיט?,נשים נהגו להקל,"סימן 303, סעיף 1"
251,האם מותר להשתמש בבעלי חיים בשבת?,לא,"סימן 305, סעיף 18"
252,האם מותר לדבר בשבת על עסקי חול?,לא,"סימן 307, סעיף 1"
253,"האם מותר לומר בשבת ""אקנה חפץ זה מחר""?",לא,"סימן 307, סעיף 1"
254,האם מותר לטלטל מוקצה בשבת?,לא,"סימן 308, סעיף 1"
255,"מהו ""מוקצה מחמת חסרון כיס""?",חפץ יקר שמקפידים עליו,"סימן 308, סעיף 1"
256,"מהו ""כלי שמלאכתו לאיסור""?",כלי שעיקר שימושו למלאכה אסורה,"סימן 308, סעיף 3"
257,מתי מותר לטלטל כלי שמלאכתו לאיסור?,לצורך גופו או לצורך מקומו,"סימן 308, סעיף 3"
258,"האם מותר לטלטל חפץ ב""שינוי"" (בגב היד)?","לא, אלא לצורך גדול","סימן 308, סעיף 3"
259,האם מותר לטלטל אבנים או מעות בשבת?,"לא, מוקצה גמור","סימן 308, סעיף 7"
260,האם מותר לטלטל קטן שיש לו אבן ביד?,מותר,"סימן 308, סעיף 10"
261,האם מותר לטלטל נבילה בשבת?,אם ראויה למאכל כלבים - מותר,"סימן 308, סעיף 29"
262,האם מותר להשתמש בבסיס לדבר האסור?,"לא, הוא נעשה מוקצה","סימן 309, סעיף 4"
263,האם מותר לטלטל מת בשבת?,רק לצורך המקום או בכיכר/תינוק,"סימן 311, סעיף 1"
264,האם מותר לבנות או לסתור בשבת?,לא,"סימן 313, סעיף 1"
265,האם מותר להשתמש בכלים המחוברים בברגים?,"כן, אם לא דרך בנייה","סימן 313, סעיף 6"
266,האם מותר לעשות אוהל עראי בשבת?,לא,"סימן 315, סעיף 1"
267,האם מותר לפתוח מטריה בשבת?,"לא, משום אוהל","סימן 315, סעיף 8"
268,האם מותר לצוד חיה או עוף בשבת?,לא,"סימן 316, סעיף 1"
269,האם מותר להרוג כינה בשבת?,"מותר (לפי השו""ע)","סימן 316, סעיף 9"
270,האם מותר להרוג פרעוש בשבת?,לא,"סימן 316, סעיף 9"
271,האם מותר לקשור קשר של קיימא בשבת?,לא,"סימן 317, סעיף 1"
272,איזה קשר מותר לקשור בשבת?,קשר שאינו של קיימא (עניבה),"סימן 317, סעיף 3"
273,האם מותר לברור פסולת מתוך אוכל בשבת?,לא,"סימן 319, סעיף 1"
274,כיצד מותר לברור בשבת לכתחילה?,"אוכל מתוך פסולת, ביד, ולאלתר","סימן 319, סעיף 1"
275,האם מותר להשתמש בנפה או כברה בשבת?,לא,"סימן 319, סעיף 8"
276,האם מותר לסחוט פירות בשבת?,זיתים וענבים - לא,"סימן 320, סעיף 1"
277,האם מותר לסחוט פרי לתוך אוכל מוצק?,מותר,"סימן 320, סעיף 4"
278,האם מותר לסחוט לימון בשבת?,נהגו להקל לתוך אוכל,"סימן 320, סעיף 6"
279,האם מותר לטחון בשבת?,לא,"סימן 321, סעיף 7"
280,האם מותר לרסק תפוח על מגרדת (פומפייה)?,לא,"סימן 321, סעיף 10"
281,כיצד מותר לחתוך ירקות בשבת?,חתיכות גדולות מעט,"סימן 321, סעיף 12"
282,האם מותר ללוש בשבת?,לא,"סימן 321, סעיף 16"
283,האם מותר להדיח כלים בשבת?,רק אם הם לצורך השבת,"סימן 323, סעיף 6"
284,האם מותר להדיח כלים במוצאי שבת?,לא בשבת עצמה,"סימן 323, סעיף 6"
285,האם מותר לרחוץ את כל גופו בחמין בשבת?,לא,"סימן 326, סעיף 1"
286,האם מותר להשתמש בסבון בשבת?,לא,"סימן 326, סעיף 10"
287,"האם מותר לעשות ""שינוי"" בדרבנן במקום חולה?",כן,"סימן 328, סעיף 1"
288,מה הדין בחולה שיש בו סכנה בשבת?,מחללים עליו את השבת לכל צרכיו,"סימן 328, סעיף 2"
289,מי צריך לחלל שבת עבור חולה מסוכן?,גדולי ישראל וזריז הרי זה משובח,"סימן 328, סעיף 12"
290,האם מותר לכבות נר עבור חולה שישן?,אם הוא חולה מסוכן - כן,"סימן 328, סעיף 15"
291,האם מותר לכבות אש בשבת?,"לא, אלא אם כן סכנת נפשות","סימן 334, סעיף 1"
292,מה עושים אם פרצה דליקה בבית בשבת?,מותר להציל מזון ג' סעודות,"סימן 334, סעיף 1"
293,האם מותר לבקש מגוי לכבות אש בשבת?,"כן, במקום הפסד גדול","סימן 334, סעיף 26"
294,האם מותר לקצור בשבת?,לא,"סימן 336, סעיף 1"
295,האם מותר לעלות על אילן בשבת?,"לא, גזירה שמא יקטוף","סימן 336, סעיף 1"
296,האם מותר להריח פרי שעל האילן בשבת?,לא,"סימן 336, סעיף 10"
297,האם מותר למחוק כתב בשבת?,לא,"סימן 340, סעיף 3"
298,האם מותר לכתוב בשבת?,לא,"סימן 340, סעיף 4"
299,האם מותר לתפור בשבת?,לא,"סימן 340, סעיף 7"
300,האם מותר להדביק ניירות בדבק בשבת?,"לא, משום תופר","סימן 340, סעיף 14"
301,מהו גובה המחיצה המינימלי להגדרת רשות היחיד?,10 טפחים,"סימן 345, סעיף 2"
302,מהו השטח המינימלי הנדרש לרשות היחיד?,4 על 4 טפחים,"סימן 345, סעיף 2"
303,מהו שיעור רוחב רשות הרבים המינימלי?,16 אמה,"סימן 345, סעיף 7"
304,"מהו דין ""כרמלית"" לעניין טלטול?",אסור לטלטל בה יותר מ-4 אמות,"סימן 345, סעיף 14"
305,האם מותר להוציא חפץ מרשות היחיד לכרמלית?,לא,"סימן 345, סעיף 14"
306,האם מותר להוציא חפץ מכרמלית לרשות הרבים?,לא,"סימן 345, סעיף 14"
307,"מהו ""מקום פטור""?","מקום שאינו רשות היחיד, רבים או כרמלית","סימן 345, סעיף 19"
308,מהו דין חפץ המונח מעל 10 טפחים ברשות הרבים?,מקום פטור,"סימן 345, סעיף 19"
309,האם מותר להעביר חפץ מרשות היחיד לרשות הרבים?,לא,"סימן 346, סעיף 1"
310,האם מותר להושיט חפץ מרשות לרשות דרך רשות הרבים?,לא,"סימן 348, סעיף 1"
311,האם מותר לטלטל פחות פחות מ-4 אמות ברשות הרבים?,מותר,"סימן 348, סעיף 1"
312,האם מותר לעמוד ברשות היחיד ולשתות מרשות הרבים?,לא,"סימן 350, סעיף 1"
313,האם מותר לזרוק חפץ מרשות היחיד ליחיד דרך הרבים?,לא,"סימן 350, סעיף 1"
314,"מהו הדין של ""לבוד"" במחיצות שבת?",פחות מ-3 טפחים נחשב כסתום,"סימן 352, סעיף 1"
315,"מהם ""פסי ביראות""?",מחיצות סביב באר להתיר טלטול,"סימן 355, סעיף 1"
316,האם מותר לטלטל בגינה גדולה שלא הוקפה לדירה?,עד 4 אמות בלבד,"סימן 358, סעיף 1"
317,"מהי ""צורת הפתח""?",שני קנים מהצדדים וקנה על גביהם,"סימן 362, סעיף 11"
318,"האם מותר לטלטל במקום שיש בו ""צורת הפתח""?","מותר, אם נעשתה כהלכה","סימן 362, סעיף 11"
319,"מהו ""מבוי"" לעניין הלכות טלטול?",מעבר שפתוח לחצרות,"סימן 363, סעיף 1"
320,"מהו שיעור רוחב ה""לחי"" המינימלי במבוי?",כלשהו,"סימן 363, סעיף 1"
321,מהו גובה הקורה המקסימלי בפתח המבוי?,20 אמה,"סימן 363, סעיף 26"
322,האם מותר לטלטל במבוי המפולש ללא תיקון?,לא,"סימן 364, סעיף 1"
323,האם מותר לטלטל בחצר משותפת ללא עירובי חצרות?,לא,"סימן 366, סעיף 1"
324,האם מותר לאכול את פת העירוב לאחר השבת?,מותר,"סימן 366, סעיף 1"
325,מהו המאכל הנדרש לעירובי חצרות?,פת (לחם או מצה),"סימן 366, סעיף 2"
326,היכן מניחים את הפת של עירובי החצרות?,באחד מהבתים שבחצר,"סימן 366, סעיף 3"
327,האם מותר לערב עירובי חצרות בבית כנסת?,כן,"סימן 366, סעיף 3"
328,האם מותר לזכוות בעירוב עבור דייר ללא ידיעתו?,"כן, זכין לאדם שלא בפניו","סימן 366, סעיף 9"
329,האם חובה לזכות את העירוב על ידי אדם אחר?,כן,"סימן 366, סעיף 10"
330,מה מברכים על הנחת עירוב חצרות?,ברוך... על מצוות עירוב,"סימן 366, סעיף 15"
331,מה הדין אם פת העירוב נאכלה במהלך השבת?,העירוב תקף לכל אותה השבת,"סימן 367, סעיף 1"
332,האם מותר להשתמש במצה לצורך עירוב?,כן,"סימן 368, סעיף 4"
333,האם מותר לטלטל בתוך בית שלא עירבו בו?,מותר לכולם בתוך הבית,"סימן 370, סעיף 1"
334,האם אורח בבית מלון אוסר על אחרים בלא עירוב?,לא,"סימן 370, סעיף 5"
335,מה הדין אם אחד מהדיירים בחצר שכח לערב?,אוסר על כולם לטלטל בחצר,"סימן 371, סעיף 1"
336,האם מותר לטלטל מחצר לחצר אחרת אם עירבו יחד?,מותר,"סימן 372, סעיף 1"
337,האם מותר לטלטל כלים ששבתו בבית לחצר שעירבה?,מותר,"סימן 372, סעיף 1"
338,כיצד מתירים טלטול אם דייר שכח לערב?,על ידי ביטול רשות,"סימן 380, סעיף 1"
339,האם ניתן לבטל רשות בשבת עצמה?,כן,"סימן 380, סעיף 1"
340,האם גוי המתגורר בחצר אוסר על טלטול ליהודים?,כן,"סימן 382, סעיף 1"
341,כיצד שוכרים רשות מגוי לצורך העירוב?,אפילו בשווה פרוטה,"סימן 382, סעיף 1"
342,האם מותר לשכור רשות מהשמש של הגוי?,כן,"סימן 382, סעיף 12"
343,"מהו ""שיתופי מבואות""?",עירוב שמניחים להתיר טלטול במבוי,"סימן 386, סעיף 1"
344,כמה מזון צריך להניח עבור שיתופי מבואות?,שיעור שתי סעודות לכולם,"סימן 386, סעיף 1"
345,האם מותר לעשות שיתופי מבואות ביין?,כן,"סימן 386, סעיף 8"
346,האם ניתן להשתמש בשכר (בירה) לשיתופי מבואות?,כן,"סימן 386, סעיף 8"
347,"מהו המרחק המקסימלי של ""תחום שבת""?",2000 אמה מחוץ לעיר,"סימן 397, סעיף 1"
348,האם מותר לילך בשבת עד סוף עיבורה של עיר?,כן,"סימן 397, סעיף 1"
349,האם מותר לצאת ד' אמות מחוץ לתחום שבת?,לא,"סימן 399, סעיף 1"
350,מהו הדין למי שיצא מחוץ לתחום בשגגה?,אין לו אלא 4 אמות סביבו,"סימן 404, סעיף 1"
351,האם מותר לטלטל בתוך ספינה נעה בשבת?,מותר,"סימן 404, סעיף 1"
352,"מהו ""עירובי תחומין""?",הנחת מזון בסוף התחום להרחבתו,"סימן 408, סעיף 1"
353,האם מותר להניח עירוב תחומין בתוך הבית?,"לא, יש להניחו בסוף התחום","סימן 409, סעיף 1"
354,האם עירובי תחומין קונה שביתה למי שישן?,כן,"סימן 409, סעיף 1"
355,האם מותר להניח עירוב תחומין על אילן גבוה?,לא,"סימן 409, סעיף 1"
356,האם מותר להניח עירובי תחומין לצורך מצווה בלבד?,כן,"סימן 415, סעיף 1"
357,האם מותר להניח עירובי תחומין בזמן בין השמשות?,לא,"סימן 415, סעיף 2"
358,האם נשים עושות מלאכה בראש חודש?,נהגו שלא לעשות מלאכה,"סימן 417, סעיף 1"
359,האם מותר לכתוב בראש חודש?,מותר,"סימן 417, סעיף 1"
360,האם מותר לכבס בראש חודש?,"מותר, אך יש נמנעים","סימן 417, סעיף 1"
361,האם מותר להתענות בראש חודש?,לא,"סימן 418, סעיף 1"
362,האם יש מצווה להרבות בסעודה בראש חודש?,כן,"סימן 419, סעיף 1"
363,מה מוסיפים בתפילת עמידה בראש חודש?,יעלה ויבוא,"סימן 422, סעיף 1"
364,"שכח ""יעלה ויבוא"" בערבית של ראש חודש?",אינו חוזר,"סימן 422, סעיף 1"
365,"האם אומרים ""הלל"" בבית האבל בראש חודש?",לא,"סימן 422, סעיף 1"
366,האם מותר להסתפר בראש חודש?,"יש נמנעים (צוואת רי""ה)","סימן 422, סעיף 1"
367,האם מותר לחתוך ציפורניים בראש חודש?,יש נמנעים,"סימן 422, סעיף 1"
368,האם קוראים הלל שלם בראש חודש?,"לא, קוראים בדילוג (חצי הלל)","סימן 422, סעיף 2"
369,"שכח ""יעלה ויבוא"" בשחרית של ראש חודש?",חוזר לראש,"סימן 422, סעיף 2"
370,"שכח ""יעלה ויבוא"" במנחה של ראש חודש?",חוזר לראש,"סימן 422, סעיף 2"
371,כמה עולים לתורה בראש חודש?,4 עולים,"סימן 423, סעיף 1"
372,"האם אומרים ""למנצח"" ו""תחנון"" בראש חודש?",לא,"סימן 423, סעיף 1"
373,"האם אומרים ""וידוי"" בראש חודש?",לא,"סימן 423, סעיף 1"
374,"האם אומרים ""אל ארך אפיים"" בראש חודש?",לא,"סימן 423, סעיף 1"
375,"האם אומרים ""צדקתך צדק"" במנחה של ר""ח בשבת?",לא,"סימן 423, סעיף 1"
376,"מה הדין אם שכח ""יעלה ויבוא"" בברכת המזון?",אינו חוזר,"סימן 424, סעיף 1"
377,האם מותר לילך בראש חודש לקברי צדיקים?,נהגו להקל,"סימן 424, סעיף 1"
378,מהו סדר הקריאה בתורה בראש חודש שחל בשבת?,שני ספרי תורה,"סימן 425, סעיף 1"
379,מהי ההפטרה בראש חודש שחל בשבת?,"""השמים כיסאי""","סימן 425, סעיף 1"
380,מהי ההפטרה בערב ראש חודש שחל בשבת?,"""מחר חודש""","סימן 425, סעיף 2"
381,האם חובה לעמוד בשעת ברכת הלבנה?,כן,"סימן 426, סעיף 1"
382,האם סומא (עיוור) מברך ברכת הלבנה?,לא,"סימן 426, סעיף 1"
383,האם נשים מברכות ברכת הלבנה?,נהגו שלא לברך,"סימן 426, סעיף 1"
384,האם מותר לברך את הלבנה כשהוא בתוך הבית?,"לא, יש לצאת לחוץ","סימן 426, סעיף 1"
385,האם הלבנה צריכה להיות גלויה לברכתה?,כן,"סימן 426, סעיף 1"
386,האם מותר לברך כשהלבנה לוקה?,לא,"סימן 426, סעיף 1"
387,האם מותר לברך במקום שיש בו ריח רע?,לא,"סימן 426, סעיף 1"
388,האם מותר לברך כשהלבנה נראית בתוך המים?,לא,"סימן 426, סעיף 1"
389,האם מותר לברך ברכת הלבנה ביום?,לא,"סימן 426, סעיף 1"
390,מה אומרים זה לזה בסיום ברכת הלבנה?,שלום עליכם,"סימן 426, סעיף 2"
391,מתי הזמן המובחר ביותר לברכת הלבנה?,מוצאי שבת,"סימן 426, סעיף 2"
392,האם מותר לברך ברכת הלבנה בליל שבת?,רק אם הוא הלילה האחרון,"סימן 426, סעיף 2"
393,האם מותר לברך ברכת הלבנה במוצאי יום כיפור?,כן,"סימן 426, סעיף 2"
394,האם מותר לברך במוצאי תשעה באב?,"כן, לאחר אכילה ונעילת נעליים","סימן 426, סעיף 2"
395,האם מותר לברך לפני תפילת ערבית?,"לא, תדיר קודם","סימן 426, סעיף 2"
396,"האם אומרים ""קדיש"" לאחר ברכת הלבנה?",נהגו לומר,"סימן 426, סעיף 2"
397,מהו המועד האחרון לברכת הלבנה בכל חודש?,עד חצי החודש,"סימן 426, סעיף 3"
398,האם מותר לברך לפני שעברו 3 ימים מהמולד?,לא,"סימן 426, סעיף 4"
399,האם מותר לברך את הלבנה בראייה דרך זכוכית?,לכתחילה לא,"סימן 426, סעיף 1"
400,"האם אומרים ""תתחדש"" בברכת הלבנה?",לא נהגו בזה,"סימן 426, סעיף 1"
401,מתי מתחילים לדרוש ולשאול בהלכות הפסח?,30 יום קודם החג,"סימן 429, סעיף 1"
402,"מהו המנהג לגבי אמירת ""מזמור לתודה"" בערב פסח?",אין אומרים אותו,"סימן 429, סעיף 2"
403,"מתי חל זמן ""בדיקת חמץ"" לכתחילה?","אור לי""ד בניסן בתחילת הלילה","סימן 431, סעיף 1"
404,האם מותר להתחיל בסעודה חצי שעה לפני בדיקת חמץ?,לא,"סימן 431, סעיף 2"
405,מה מברכים לפני בדיקת חמץ?,"""על ביעור חמץ""","סימן 432, סעיף 1"
406,האם מותר להפסיק בדיבור בין הברכה לתחילת הבדיקה?,לא,"סימן 432, סעיף 1"
407,על איזה אור יש לבדוק את החמץ?,אור הנר,"סימן 433, סעיף 1"
408,האם צריך לבדוק במקום שאין רגילים להכניס בו חמץ?,לא,"סימן 433, סעיף 3"
409,האם יש צורך לבדוק חורי הבית והסדקים?,כן,"סימן 433, סעיף 3"
410,"מהו נוסח ה""ביטול"" שאומרים לאחר הבדיקה בלילה?","""כל חמירא דאיכא ברשותי...""","סימן 434, סעיף 2"
411,"מי שיוצא מהבית קודם י""ד בניסן, מתי יבדוק?",בלילה שלפני יציאתו (בלי ברכה),"סימן 436, סעיף 1"
412,מהו דין חמץ שהניחו במקום גבוה ואינו יכול להגיע אליו?,חייב לבער או לבטל,"סימן 438, סעיף 1"
413,האם חמץ שאינו ראוי למאכל כלב נחשב חמץ?,לא,"סימן 442, סעיף 2"
414,עד מתי מותר לאכול חמץ בערב פסח?,עד סוף שעה רביעית,"סימן 443, סעיף 1"
415,עד מתי מותר ליהנות מחמץ בערב פסח?,עד סוף שעה חמישית,"סימן 443, סעיף 1"
416,כיצד יש לבער את החמץ בערב פסח?,המנהג בשריפה,"סימן 445, סעיף 1"
417,מתי אומרים את נוסח הביטול השני (הביטול הכולל)?,בשעת שריפת החמץ,"סימן 445, סעיף 2"
418,"מהו דין ""תערובת חמץ"" בפסח?","אוסרת ב""כל שהוא""","סימן 447, סעיף 1"
419,האם חמץ שנתערב לפני פסח בבטלות (60) מותר?,מותר באכילה בפסח,"סימן 447, סעיף 2"
420,"מהו דין ""חמץ שעבר עליו הפסח""?",אסור בהנאה (קנס דרבנן),"סימן 448, סעיף 3"
421,האם מותר למכור חמץ לגוי לפני הפסח?,מותר,"סימן 448, סעיף 3"
422,מהו דין כלי חרס שבלעו חמץ?,אין להם הכשר בהגעלה,"סימן 451, סעיף 1"
423,כיצד מכשירים כלי מתכת שבלעו חמץ ברותחים?,על ידי הגעלה,"סימן 451, סעיף 1"
424,כיצד מכשירים שיפודים שבלעו חמץ ישירות באש?,על ידי ליבון,"סימן 451, סעיף 4"
425,האם כלי זכוכית צריכים הכשר לפסח לאשכנזים?,אין להם הכשר,"סימן 451, סעיף 26"
426,מהו התנאי להכשרת כלי בהגעלה?,שיהיה נקי ושלא השתמשו בו 24 שעות,"סימן 452, סעיף 1"
427,"מהו המנהג לגבי אכילת ""קטניות"" לאשכנזים?",נהגו לא לאכול,"סימן 453, סעיף 1"
428,"מהם ""מים שלנו""?",מים שעמדו בלילה לצורך לישת מצות,"סימן 455, סעיף 1"
429,"מתי שואבים את ה""מים שלנו""?",סמוך לשקיעת החמה,"סימן 455, סעיף 1"
430,מהו משך הזמן המקסימלי ללישה ללא חימוץ?,18 דקות,"סימן 459, סעיף 2"
431,"האם מותר לאכול ""מצה עשירה"" לאשכנזים?",רק לחולה או זקן,"סימן 462, סעיף 4"
432,האם מותר לאכול מצה בערב פסח?,אסור מהבוקר,"סימן 471, סעיף 2"
433,האם חובה להסב (הסיבה) בשתיית ארבע הכוסות?,כן,"סימן 472, סעיף 2"
434,מהו שיעור היין המינימלי שיש לשתות בכל כוס?,רוב רביעית,"סימן 472, סעיף 9"
435,"האם נשים חייבות בשתיית ""ארבע כוסות""?",כן,"סימן 472, סעיף 14"
436,מהו סדר הקערה לפי המנהג המקובל?,"שלוש מצות והסימנים (זרוע, ביצה וכו')","סימן 473, סעיף 4"
437,"מהו הירק המקובל ל""כרפס""?",כל ירק שאינו מרור,"סימן 473, סעיף 6"
438,"האם מברכים ""על אכילת מצה"" על המצה הראשונה?",כן,"סימן 475, סעיף 1"
439,"מהו שיעור ""כזית"" למצה (בקירוב)?",כחצי מצה עגולה,"סימן 475, סעיף 1"
440,"מהו ""כורך""?",אכילת מצה ומרור יחד,"סימן 475, סעיף 1"
441,"מהו ה""אפיקומן""?",מצה שאוכלים בסיום הסעודה,"סימן 477, סעיף 1"
442,האם מותר לאכול לאחר אכילת האפיקומן?,לא,"סימן 478, סעיף 1"
443,מה מוסיפים בברכת המזון ביום טוב של פסח?,יעלה ויבוא,"סימן 487, סעיף 1"
444,מתי זמן ספירת העומר לכתחילה?,"בלילה, מצאת הכוכבים","סימן 489, סעיף 1"
445,מה מברכים על ספירת העומר?,"""על ספירת העומר""","סימן 489, סעיף 1"
446,"מי ששכח לספור בלילה, מה יעשה?",יספור ביום בלא ברכה,"סימן 489, סעיף 7"
447,"מי ששכח לספור יום שלם, האם יברך בימים הבאים?",ימשיך לספור בלא ברכה,"סימן 489, סעיף 8"
448,"מתי מפסיקים לומר ""משיב הרוח ומוריד הגשם""?",בתפילת מוסף של יום טוב ראשון,"סימן 490, סעיף 1"
449,האם אומרים הלל שלם בכל ימי הפסח?,"לא, רק ביום הראשון","סימן 490, סעיף 4"
450,אילו מנהגי אבילות נוהגים בימי ספירת העומר?,אין נושאים נשים ואין מסתפרים,"סימן 493, סעיף 1"
451,"מהו יום ל""ג בעומר?","יום ל""ג לספירה (י""ח באייר)","סימן 493, סעיף 2"
452,האם מותר לעשות מלאכה ביום טוב?,"מותרת רק מלאכת ""אוכל נפש""","סימן 495, סעיף 1"
453,האם מותר לצוד בעלי חיים ביום טוב?,לא,"סימן 497, סעיף 1"
454,האם מותר לשחוט בהמה ביום טוב?,מותר,"סימן 498, סעיף 1"
455,האם מותר למלוח בשר ביום טוב?,מותר,"סימן 500, סעיף 1"
456,האם מותר להדליק אש חדשה ביום טוב?,"לא, מותר רק להעביר מאש קיימת","סימן 502, סעיף 1"
457,האם מותר להכין מיום טוב אחד לחברו?,לא,"סימן 503, סעיף 1"
458,האם מותר לטחון תבלינים ביום טוב?,מותר בשינוי,"סימן 504, סעיף 1"
459,האם מותר לסחוט פירות ביום טוב?,לא,"סימן 505, סעיף 1"
460,האם מותר ללוש ביום טוב?,מותר,"סימן 506, סעיף 1"
461,האם מותר להפריש חלה ביום טוב?,רק אם נילושה ביום טוב,"סימן 506, סעיף 3"
462,"מהו הדין של ""מכשירי אוכל נפש"" שניתן לעשותם קודם החג?",אסור לעשותם בחג,"סימן 509, סעיף 1"
463,האם מותר לברור אוכל מתוך פסולת ביום טוב?,מותר,"סימן 510, סעיף 2"
464,האם מותר לרחוץ את כל הגוף במים חמים ביום טוב?,"לא, רק פניו ידיו ורגליו","סימן 511, סעיף 1"
465,האם מותר להדיח כלים ביום טוב?,מותר לצורך היום,"סימן 511, סעיף 1"
466,האם מותר לתת אוכל לפני בהמה ביום טוב?,מותר,"סימן 512, סעיף 1"
467,"מהו דין ""נולד"" ביום טוב?",אסור,"סימן 513, סעיף 1"
468,האם מותר לכבות אש ביום טוב?,לא,"סימן 514, סעיף 1"
469,האם מותר להעביר אש לצורך הנאה ביום טוב?,מותר,"סימן 514, סעיף 1"
470,האם מותר לטאטא את הבית ביום טוב?,מותר,"סימן 514, סעיף 11"
471,האם מותר להוציא חפץ מרשות לרשות ביום טוב?,מותר,"סימן 518, סעיף 1"
472,"מהו ""עירוב תבשילין""?",הנחת פת ותבשיל בערב חג להתרת בישול לשבת,"סימן 527, סעיף 1"
473,מה מברכים על עירוב תבשילין?,"""...על מצוות עירוב""","סימן 527, סעיף 12"
474,מה הדין אם נאכל העירוב לפני שבישל לשבת?,אינו יכול לבשל עוד,"סימן 527, סעיף 15"
475,האם מותר לעשות מלאכה בחול המועד?,"רק לצורך המועד או ""דבר האבד""","סימן 530, סעיף 1"
476,האם מותר לנעול נעליים חדשות במועד?,מותר,"סימן 530, סעיף 1"
477,האם מותר להסתפר בחול המועד?,לא,"סימן 531, סעיף 1"
478,האם מותר לצאת לטיול בחול המועד?,מותר,"סימן 531, סעיף 1"
479,האם מותר לגלח זקן בחול המועד?,לא,"סימן 531, סעיף 2"
480,"מי שיוצא מבית האסורים במועד, האם רשאי להסתפר?",רשאי,"סימן 531, סעיף 4"
481,האם מותר לקצוץ ציפורניים בחול המועד?,לרוב הפוסקים אסור,"סימן 532, סעיף 1"
482,האם מותר להקיז דם בחול המועד?,מותר,"סימן 532, סעיף 2"
483,האם מותר לצוד דגים לצורך המועד?,מותר,"סימן 533, סעיף 1"
484,האם מותר לכבס בגדים בחול המועד?,לא,"סימן 534, סעיף 1"
485,האם מותר לנקות בגדים מכתמים במועד?,מותר,"סימן 534, סעיף 1"
486,האם מותר לפנות חפצים מדירה לדירה במועד?,לא,"סימן 535, סעיף 1"
487,"מהו ""דבר האבד"" המתיר מלאכה בחול המועד?",מלאכה שאם לא תיעשה ייגרם הפסד ממון,"סימן 537, סעיף 1"
488,האם מותר לקנות צרכי אוכל נפש במועד?,מותר,"סימן 539, סעיף 1"
489,האם מותר לסחור בסחורה שאינה לצורך המועד?,לא,"סימן 539, סעיף 1"
490,האם מותר ללוות כסף בחול המועד?,מותר,"סימן 539, סעיף 1"
491,האם מותר להוליך פירות למקום אחר למכרם במועד?,לא,"סימן 539, סעיף 1"
492,האם מותר לבנות תנור לצורך המועד?,מותר מעשה הדיוט,"סימן 540, סעיף 1"
493,האם מותר לתקן כלי שבור לצורך המועד?,מותר מעשה הדיוט,"סימן 540, סעיף 1"
494,האם מותר לתפור במועד מעשה אומן?,לא,"סימן 541, סעיף 1"
495,האם מותר לתפור במועד מעשה הדיוט לצורך המועד?,מותר,"סימן 541, סעיף 1"
496,האם מותר לתקן נעל שנקרעה בחול המועד?,מותר מעשה הדיוט,"סימן 541, סעיף 5"
497,האם מותר לקצוץ עצים לצורך המועד?,מותר,"סימן 542, סעיף 1"
498,האם מותר לבנות בניין במועד?,לא,"סימן 544, סעיף 1"
499,האם מותר לכתוב בחול המועד?,רק לצורך המועד או בשינוי,"סימן 545, סעיף 1"
500,האם מותר לכתוב דברי תורה במועד כדי שלא ישכח?,מותר,"סימן 545, סעיף 9"
501,אילו ארבעה צומות קבועים בלוח השנה לזכר החורבן?,"י""ז בתמוז, ט' באב, צום גדליה, עשרה בטבת","סימן 549, סעיף 1"
502,מהו המועד שבו חל צום גדליה?,ג' בתשרי,"סימן 549, סעיף 1"
503,"מה קרה בי""ז בתמוז שגרם לקביעת הצום?",נשתברו הלוחות ובוטלו הקרבנות,"סימן 549, סעיף 2"
504,מה קרה בעשרה בטבת שגרם לקביעת הצום?,מלך בבל סמך על ירושלים,"סימן 549, סעיף 2"
505,האם מותר לאכול בשר ויין בשבת שחל בה תשעה באב?,מותר,"סימן 550, סעיף 3"
506,מה הדין אם חל תשעה באב בשבת?,דוחים את הצום ליום ראשון,"סימן 550, סעיף 3"
507,אילו איסורים חלים מראש חודש אב ועד התענית?,ממעטים בשמחה ובבניין של שמחה,"סימן 551, סעיף 2"
508,"האם מותר ללבוש בגדים מכובסים בשבוע שחל בו ת""ב?",אסור,"סימן 551, סעיף 3"
509,האם מותר לתפור בגדים חדשים מראש חודש אב?,אסור,"סימן 551, סעיף 7"
510,מאיזה מועד נמנעים מאכילת בשר ושתיית יין באב?,מראש חודש אב,"סימן 551, סעיף 9"
511,האם מותר לאכול בשר בסעודת מצווה בימי בין המצרים?,מותר,"סימן 551, סעיף 10"
512,"האם מותר ליטול ציפורניים בשבוע שחל בו ת""ב?",יש אוסרים ויש מתירים,"סימן 551, סעיף 11"
513,האם מותר להסתפר בשבוע שחל בו תשעה באב?,אסור,"סימן 551, סעיף 12"
514,האם מותר להתרחץ בערב שבת חזון?,רק פניו ידיו ורגליו במים צוננים,"סימן 551, סעיף 16"
515,"האם מותר לברך ""שהחיינו"" בשלושת השבועות?",נהגו שלא לברך,"סימן 551, סעיף 17"
516,"מהי ""סעודה מפסקת"" של תשעה באב?",סעודה שאוכלים בה תבשיל אחד בלבד,"סימן 552, סעיף 1"
517,"מהו המנהג לאכול בסעודה המפסקת של ת""ב?",ביצה קשה באפר,"סימן 552, סעיף 7"
518,"מהו הדין של ""שבת חזון""?",השבת שלפני תשעה באב,"סימן 552, סעיף 10"
519,מתי חולצים נעליים בתשעה באב שחל במוצאי שבת?,"לאחר אמירת ""המבדיל""","סימן 553, סעיף 2"
520,האם נועלים נעלי עור בתשעה באב?,אסור,"סימן 554, סעיף 1"
521,האם מותר ללמוד תורה בתשעה באב?,רק בדברים המצערים,"סימן 554, סעיף 1"
522,האם מותר להתרחץ בתשעה באב?,"אסור, חוץ מנטילת ידיים עד הפרקים","סימן 554, סעיף 7"
523,מתי מסתיים צום תשעה באב?,בצאת הכוכבים,"סימן 554, סעיף 19"
524,האם מותר לשאול בשלום חברו בתשעה באב?,לא,"סימן 554, סעיף 20"
525,האם מותר לעשות מלאכה בתשעה באב?,נהגו שלא לעשות עד חצות היום,"סימן 554, סעיף 22"
526,מתי מניחים תפילין בתשעה באב?,במנחה,"סימן 555, סעיף 1"
527,האם מותר לישון על מיטה כרגיל בתשעה באב?,נהגו להפחית בהנאה,"סימן 555, סעיף 2"
528,האם מותר לעשן בתשעה באב?,"יש אוסרים, ויש מקלים בצנעה אחר חצות","סימן 555, סעיף 3"
529,מתי מותר לאכול בשר לאחר תשעה באב?,מחצות יום עשרה באב,"סימן 558, סעיף 1"
530,מה קוראים בתורה ובמגילה בתשעה באב?,מגילת איכה,"סימן 559, סעיף 1"
531,"מהם דיני ""תענית יחיד""?",מי שקיבל על עצמו לצום מסיבה אישית,"סימן 562, סעיף 1"
532,"האם אומרים ""עננו"" בתפילה ביום צום?","היחיד אומר ב""שומע תפילה""","סימן 565, סעיף 1"
533,"מהו הדין של ""טעה באכילה"" ביום תענית?",משלים את תעניתו,"סימן 568, סעיף 1"
534,"מהו הדין של ""תענית חלום""?",מותר להתענות אפילו בשבת,"סימן 568, סעיף 5"
535,"מהו ""צום כללי"" שגוזרים על הציבור?",כגון תעניות על עצירת גשמים,"סימן 575, סעיף 1"
536,"מהו ""חמישה עשר באב""?",יום טוב שבו פסקו מלמות במדבר,"סימן 580, סעיף 1"
537,"מתי זמן ה""סליחות"" המובחר ביותר?",באשמורת הבוקר,"סימן 581, סעיף 1"
538,מתי מתחילים אשכנזים לומר סליחות?,במוצאי שבת שלפני ראש השנה,"סימן 581, סעיף 1"
539,מתי מתחילים ספרדים לומר סליחות?,מראש חודש אלול,"סימן 581, סעיף 1"
540,האם תוקעים בשופר בחודש אלול?,נהגו לתקוע בכל בוקר לאחר שחרית,"סימן 581, סעיף 1"
541,"מהו המנהג לגבי ""התרת נדרים""?",נהגו לעשות בערב ראש השנה,"סימן 581, סעיף 2"
542,האם מותר להתענות בערב ראש השנה?,נהגו להתענות,"סימן 581, סעיף 2"
543,מתי מפסיקים לתקוע בשופר לפני ראש השנה?,בערב ראש השנה,"סימן 581, סעיף 3"
544,מה מוסיפים בתפילת עמידה בעשרת ימי תשובה?,"""המלך הקדוש"" ו""המלך המשפט""","סימן 582, סעיף 1"
545,"מה הדין אם אמר ""האל הקדוש"" בעשרת ימי תשובה?",חוזר לראש התפילה,"סימן 582, סעיף 2"
546,"מה הדין אם אמר ""מלך אוהב צדקה ומשפט""?","אם אמר ""המלך המשפט"" יצא","סימן 582, סעיף 3"
547,מה מברכים על תקיעת שופר?,"""לשמוע קול שופר"" ו""שהחיינו""","סימן 585, סעיף 2"
548,האם מותר לאכול לפני תקיעת שופר?,לא,"סימן 585, סעיף 4"
549,האם מותר לתקוע בשופר בשבת?,לא,"סימן 588, סעיף 5"
550,"נשים פטורות משופר, אך האם הן רשאיות לברך?","לאשכנזים כן, לספרדים לא","סימן 589, סעיף 6"
551,כמה תקיעות חייב אדם לשמוע מן התורה?,תשע תקיעות,"סימן 590, סעיף 1"
552,מהם הקולות המרכיבים את סדר התקיעות?,"תקיעה, שברים, תרועה","סימן 590, סעיף 2"
553,"מהו מנהג ה""תשליך"" בראש השנה?",תפילה ליד מקור מים,"סימן 591, סעיף 6"
554,האם מותר לאכול בערב יום כיפור?,מצווה להרבות באכילה ושתייה,"סימן 604, סעיף 1"
555,"מהו דין ""טבילת עזרא"" בערב יום כיפור?",טבילה לטהרה (מנהג חסידות),"סימן 606, סעיף 3"
556,"מתי זמן ""וידוי"" בערב יום כיפור?",במנחה קודם הסעודה המפסקת,"סימן 607, סעיף 1"
557,מהם חמשת העינויים ביום כיפור?,"אכילה, רחיצה, סיכה, נעילה ותשמיש","סימן 611, סעיף 1"
558,מהו דין חולה ביום כיפור?,אם יש סכנה - מאכילים אותו,"סימן 618, סעיף 1"
559,"מתי זמן תפילת ""כל נדרי""?",לפני שקיעת החמה,"סימן 619, סעיף 1"
560,"ממה צריך להיות עשוי ה""סכך"" של הסוכה?","צומח מהקרקע, תלוש ואינו מקבל טומאה","סימן 629, סעיף 1"
561,מהו הגובה המינימלי של דפנות הסוכה?,10 טפחים,"סימן 633, סעיף 1"
562,מהו השטח המינימלי הנדרש לסוכה?,7 על 7 טפחים,"סימן 634, סעיף 1"
563,האם מותר לישון מחוץ לסוכה?,"לא, אפילו שינת עראי","סימן 639, סעיף 2"
564,האם מותר לאכול אכילת עראי מחוץ לסוכה?,מותר,"סימן 639, סעיף 2"
565,מה הדין אם ירדו גשמים בסוכה?,פטור מן הסוכה,"סימן 639, סעיף 5"
566,מה מברכים על הישיבה בסוכה?,"""לישב בסוכה""","סימן 639, סעיף 8"
567,מי פטור מן הסוכה?,"נשים, קטנים וחולים","סימן 640, סעיף 1"
568,מהם ארבעת המינים?,"לולב, אתרוג, הדס וערבה","סימן 645, סעיף 1"
569,כמה הדסים צריכים לאגוד בלולב?,שלושה,"סימן 651, סעיף 1"
570,כמה ערבות צריכים לאגוד בלולב?,שתיים,"סימן 651, סעיף 1"
571,מהו זמן נטילת לולב לכתחילה?,"בבוקר, לפני ההלל","סימן 652, סעיף 1"
572,האם מותר ליטול לולב בשבת?,לא,"סימן 658, סעיף 2"
573,"מהו ""הושענא רבה""?",היום השביעי של סוכות,"סימן 664, סעיף 1"
574,"מהו המנהג של ""חביטת ערבה""?",חובטים חמש ערבות בקרקע,"סימן 664, סעיף 4"
575,"מה חוגגים ב""שמיני עצרת""?",חג בפני עצמו,"סימן 668, סעיף 1"
576,מתי המועד להדלקת נרות חנוכה?,בצאת הכוכבים,"סימן 672, סעיף 1"
577,כמה זמן צריכים נרות חנוכה לדלוק?,חצי שעה לאחר צאת הכוכבים,"סימן 672, סעיף 2"
578,האם מותר להשתמש באור נרות חנוכה?,לא,"סימן 673, סעיף 1"
579,"מהו תפקידו של ה""שמש"" בחנוכה?",נר שממנו מדליקים,"סימן 673, סעיף 1"
580,האם נשים חייבות בהדלקת נרות חנוכה?,כן,"סימן 675, סעיף 3"
581,מה מברכים בלילה הראשון של חנוכה?,"""להדליק"", ""שעשה נסים"" ו""שהחיינו""","סימן 676, סעיף 1"
582,מה קוראים בתורה בימי החנוכה?,פרשת הנשיאים,"סימן 684, סעיף 1"
583,"מהו ""שבת שקלים""?",השבת שבה קוראים פרשת שקלים,"סימן 685, סעיף 1"
584,"מהו ""שבת זכור""?",השבת שלפני פורים,"סימן 685, סעיף 2"
585,"מהו ""שבת פרה""?",השבת שבה קוראים פרשת פרה,"סימן 685, סעיף 3"
586,"מהו ""שבת החודש""?",השבת שלפני ראש חודש ניסן,"סימן 685, סעיף 4"
587,"מהו מועד ""תענית אסתר""?","י""ג באדר","סימן 686, סעיף 1"
588,מתי זמן קריאת המגילה בפורים?,"בליל י""ד וביום י""ד","סימן 687, סעיף 1"
589,מתי חוגגים פורים בערים מוקפות חומה?,"בט""ו באדר","סימן 688, סעיף 1"
590,האם נשים חייבות במקרא מגילה?,כן,"סימן 689, סעיף 1"
591,מה מברכים לפני קריאת המגילה?,"""על מקרא מגילה"", ""שעשה נסים"" ו""שהחיינו""","סימן 692, סעיף 1"
592,האם מותר להפסיק בדיבור במהלך קריאת המגילה?,לא,"סימן 692, סעיף 2"
593,"האם אומרים ""על הנסים"" בתפילה ובברכת המזון?",כן,"סימן 693, סעיף 2"
594,"מהו הדין של מי ששכח ""על הנסים""?",אינו חוזר,"סימן 693, סעיף 2"
595,"למי יש לתת ""מתנות לאביונים"" בפורים?",לשני עניים לפחות,"סימן 694, סעיף 1"
596,מתי יש לתת את המתנות לאביונים?,ביום הפורים עצמו,"סימן 694, סעיף 1"
597,"מהו השיעור של מצוות ""משלוח מנות""?",שתי מנות לאיש אחד,"סימן 695, סעיף 4"
598,"מתי מקיימים את ""סעודת פורים""?",ביום הפורים,"סימן 695, סעיף 1"
599,האם מותר לעשות מלאכה בפורים?,נהגו שלא לעשות,"סימן 696, סעיף 1"
600,"מהו ""שושן פורים""?","ט""ו באדר","סימן 696, סעיף 3"